{
  "bin": [
    {
      "patterns": ["solver.lib","pimlib*"],
      "source": "/appl/pimE-N-V/analytics/versions/fe_models_sybase/current/bin",
      "mode": "flat",
      "note": "For mode = flat, patterns are used for including files for flat copy"
  },
    {
      "patterns": ["pimco*","parc_core.lib"],
      "source": "/appl/pimE-N-V/analytics/versions/parc/current/bin",
      "mode": "flat"
    }
  ],

  "bin64": [],

  "lbin64": [
    {
      "patterns": ["runPassSecClass"],
      "source": "/appl/pimE-N-V/analytics/versions/pass_mtg/current/lbin64",
      "mode": "recursive",
      "note": "For mode = recursive, patterns are used for excluding files and folders for recursive copy"

  },
    {
      "patterns": ["libparc_service.so","libPASPService2.so"],
      "source": "/appl/pimE-N-V/analytics/versions/parc/current/lbin64",
      "mode": "recursive"
    }
  ],

  "sbin": [],

  "include": []
}
