{
 "CDAT": [
            "da_app.CdatGroup",
            "da_app.CdatMatrix",
            "da_app.CdatMeasure"
        ]
    ,
 
 "Data Warehouse - ETL": [
            "cfdw_app.EtlConfig",
            "cfdw_app.EtlDatePart",
            "cfdw_app.EtlEmailSource",
            "cfdw_app.EtlFile",
            "cfdw_app.EtlFileSource",
            "cfdw_app.EtlFileSourceDefault",
            "cfdw_app.EtlFtpProtocol",
            "cfdw_app.EtlHttpSource",
            "cfdw_app.EtlJobCriticality",
            "cfdw_app.EtlSource",
            "cfdw_app.EtlSourceGroup",
            "cfdw_app.EtlSourceProvider",
            "cfdw_app.EtlFilterType",
            "cfdw_app.EtlFilter"
        ],

"Data Warehouse - ETL Bloomberg": [
            "cfdw_app.EtlBbgProgram",
            "cfdw_app.EtlBbgSource",
            "cfdw_app.EtlBbgSrc",
            "cfdw_app.EtlBbgTicker",
            "cfdw_app.EtlBbgYellowKey",
            "cfdw_app.EtlBbgInstrmnt",
            "cfdw_app.EtlBbgMnemonic",
            "cfdw_app.EtlBbgOption",
            "cfdw_app.EtlSourceInBbgInstrmnt",
            "cfdw_app.EtlSourceInBbgMnemonic",
            "cfdw_app.EtlSourceInBbgOption"
        ] ,

"Index Solutions - Vendors and Mappings" : [
            "dais_app.PimcoCountry",
            "dais_app.PimcoCurrency",
            "dais_app.PimcoExchange",
            "dais_app.PimcoIndustry",
            "dais_app.PimcoIssuer",
            "dais_app.PimcoSector",
            "dais_app.PimcoTicker",
            "dais_app.Vnd",
            "dais_app.VndCountryMap",
            "dais_app.VndCurrencyMap",
            "dais_app.VndExchangeMap",
            "dais_app.VndIndustryMap",
            "dais_app.VndIssuerMap",
            "dais_app.VndSectorMap",
            "dais_app.VndTickerMap"
        ] ,
 "Index Solutions - Vendor Files and Formats" : [
            "dais_app.DataAttribute",
            "dais_app.DataEntity",
            "dais_app.ErrorType",
            "dais_app.MappingType",
            "dais_app.RuleType",
            "dais_app.QueryType",
            "dais_app.VndFile",
            "dais_app.VndFileFmt",
            "dais_app.VndFileFmtField",
            "dais_app.VndFileFmtQuery",
            "dais_app.VndFileFmtRule",
            "dais_app.VndFileFmtMapping",
            "dais_app.VndFileFmtVldtn",
            "dais_app.UniverseType"
        ] , 

"Index Solutions - Vendor File Instances and Data": [
            "dais_app.ErrorType",
            "dais_app.LogMessageType",
            "dais_app.PortIndex",
            "dais_app.ProcessPhase",
            "dais_app.ProcessType",
            "dais_app.VndDataRaw",
            "dais_app.VndDataRawError",
            "dais_app.VndDataFmt",
            "dais_app.VndDataFmtError",
            "dais_app.VndDataFmtLb",
            "dais_app.VndDataFmtLm",
            "dais_app.VndDataFmtMl",
            "dais_app.VndFileInst",
            "dais_app.VndFileInstHist",
            "dais_app.VndFileInstLog",
            "dais_app.VndFileInstStatus",
            "dais_app.VndFileInstAuditSql",
            "dais_app.VndMeasure",
            "dais_app.VndSecSet"
        ] ,
 "Index Solutions - Miscellaneous": [
            "dais_app.Agency",
            "dais_app.AgencyRating",
            "dais_app.AgencyRatingMap",
            "dais_app.BbgField",
            "dais_app.BbgFieldInRequestType",
            "dais_app.BbgRequestType",
            "dais_app.FxRate",
            "dais_app.PimcoRating",
            "dais_app.SourceKeySet",
            "dais_app.SourceKeySetMember",
            "dais_app.SourceKeySetType"
        ] 
}